{
    "intents": [
        {
            "tag": "greeting",
            "patterns": [
                "Hi",
                "Hello",
                "Is anyone there?",
                "Good day",
                "Hey"
            ],
            "responses": [
                "Hello!",
                "Hi there!",
                "Greetings!",
                "How can I assist you?"
            ]
        },
        {
            "tag": "goodbye",
            "patterns": [
                "Bye",
                "See you later",
                "Goodbye",
                "Catch you later"
            ],
            "responses": [
                "Goodbye!",
                "See you soon!",
                "Take care!"
            ]
        },
        {
            "tag": "thanks",
            "patterns": [
                "Thanks",
                "Thank you",
                "That's helpful",
                "Thanks a lot!"
            ],
            "responses": [
                "You're welcome!",
                "Happy to help!",
                "Anytime!"
            ]
        },
        {
            "tag": "hours",
            "patterns": [
                "What are your hours?",
                "When are you open?",
                "Are you open today?"
            ],
            "responses": [
                "We're open every day 9am-9pm!",
                "Our hours are 9am to 9pm daily."
            ]
        }
    ]
}